COL,SF
93.91562452830193,93.30714532871977
