COL,SF
0.7805383022774327,1.0960548885077186
